id,weather,music,social,news
5014,9.93,39.04,1023.78,77.08
6947,6.84,41.06,1021.04,89.59
9230,32.49,74.99,1002.19,34.58
4290,11.55,42.34,1020.78,94.56
6477,20.84,65.06,1016.88,71.93
6326,14.16,44.58,1020.75,77.42
3224,28.11,77.95,1009.38,72.81
8700,9.41,43.5,1021.0,88.74
6525,24.74,69.13,1010.69,90.08
7258,29.38,73.42,1011.49,54.96
5797,21.61,41.54,1014.5,75.62
9362,18.99,44.6,1014.7,40.11
4190,28.82,71.43,1011.51,58.58
5604,21.6,66.86,1013.02,54.19
8383,23.97,44.57,1007.35,62.71
6003,21.25,66.86,1012.99,60.65
8465,19.45,38.52,1017.99,62.86
6576,10.9,40.67,1016.66,65.09
3281,11.33,41.5,1013.58,88.7
1910,15.31,40.66,1016.46,84.64
3335,10.6,41.46,1021.23,89.02
2227,13.74,43.71,1025.45,86.62
8702,22.61,49.3,1003.51,83.02
8789,9.08,40.02,1031.2,75.34
1266,19.65,45.01,1014.18,56.77
307,13.75,41.49,1019.9,88.23
3526,27.44,58.9,1003.86,66.74
3501,31.71,69.04,1008.79,49.32
4804,16.7,40.56,1019.04,50.9
9528,9.06,39.66,1019.64,76.98
3057,21.06,50.59,1016.42,66.12
3727,23.63,58.98,1010.99,81.16
8635,8.42,43.14,1011.62,80.32
1987,14.5,53.82,1016.81,62.89
1011,23.77,64.15,1021.02,55.87
763,11.09,40.43,1025.47,74.97
229,31.3,70.79,1004.3,54.37
1273,24.73,69.94,1006.09,59.15
1840,28.56,69.51,1012.45,46.59
956,13.6,41.2,1015.92,85.05
5821,27.67,59.14,1016.51,61.2
5252,11.24,25.36,1009.26,97.47
9252,16.92,50.9,1013.27,82.97
4396,25.1,60.37,1005.83,72.53
2305,11.86,39.85,1013.0,66.92
4544,14.55,42.74,1027.29,66.64
1583,24.12,58.66,1011.55,58.96
6487,8.43,40.6,1015.39,91.81
6799,23.03,54.42,1014.42,74.98
2992,28.85,71.32,1009.09,76.9
7234,31.84,77.95,1014.9,55.35
4330,10.05,37.14,1012.64,75.97
32,5.62,41.38,1020.91,86.21
2106,15.39,39.31,1008.78,66.67
1936,34.18,78.05,1010.71,66.77
5184,9.87,41.82,1033.04,68.57
5769,7.19,41.39,1018.12,90.76
4956,24.22,56.89,1013.81,70.02
1890,17.01,49.15,1021.83,84.02
7026,14.38,40.71,1023.46,66.12
234,15.92,40.56,1020.79,53.52
7072,20.79,50.66,1013.39,77.93
4295,18.03,58.86,1015.99,89.03
9322,20.84,59.8,1016.96,75.05
685,26.38,49.5,1012.82,37.19
5503,18.31,52.9,1015.99,66.14
7999,14.81,43.7,1015.1,60.72
1264,6.85,37.49,1011.01,84.53
1756,10.61,43.79,1016.03,76.33
3374,9.86,38.38,1018.22,85.35
2048,31.98,64.05,1010.49,58.01
2563,15.28,40.0,1016.65,65.0
9222,14.41,43.13,1016.32,59.55
8836,31.23,75.08,1004.93,46.19
2951,20.19,66.86,1012.97,64.7
9319,27.56,65.59,1010.88,66.47
5431,30.24,68.3,1016.21,48.25
4882,30.24,67.32,1014.07,46.53
218,21.45,66.05,1014.81,73.73
2263,23.88,54.2,1012.81,64.52
7835,10.32,40.35,1011.64,84.05
976,22.59,60.32,1016.84,78.58
8656,23.4,72.99,1009.48,88.82
7756,22.56,70.98,1005.66,95.95
4015,22.88,71.73,1010.11,86.96
5042,12.0,41.5,1013.21,86.75
1262,22.95,67.79,1009.89,91.69
4482,18.32,45.0,1022.67,46.38
7777,30.88,69.51,1011.48,46.58
9224,13.38,40.89,1010.48,92.55
6549,12.49,38.25,1012.61,83.32
4008,10.03,43.13,1014.85,70.09
6788,27.0,73.42,1012.2,87.28
2603,19.44,59.21,1018.5,88.35
7602,29.22,60.23,1009.73,61.5
8350,5.21,35.79,1011.5,95.08
3871,12.97,40.75,1016.05,79.67
1990,12.87,41.5,1013.51,85.72
6802,31.31,67.48,1009.71,57.06
6206,13.27,42.28,1008.3,86.2
5900,18.2,45.01,1013.82,68.14
619,19.98,49.15,1021.56,63.89
8385,7.87,42.85,1012.18,94.21
9497,14.57,39.28,1015.1,76.94
9091,14.66,42.77,1019.37,79.79
3922,25.68,68.27,1008.05,68.48
2364,23.56,67.79,1010.14,89.72
644,16.94,50.59,1018.75,94.22
7779,12.11,41.17,1019.46,62.59
7299,26.17,48.6,1002.59,61.41
8229,11.72,40.55,1021.54,85.13
922,8.53,40.02,1031.27,85.57
7161,17.37,58.49,1012.2,91.14
1555,24.9,71.77,1006.24,85.25
8188,10.02,38.18,1017.43,68.4
1315,22.98,73.17,1011.94,90.13
6999,23.96,51.3,1011.81,71.81
4284,16.02,39.54,1007.73,72.81
6482,27.32,76.09,1007.77,74.64
3722,14.73,58.2,1019.45,82.48
5466,7.26,36.08,1021.47,83.15
3107,25.3,59.43,1009.15,58.3
4627,26.58,59.39,1014.49,65.87
4204,25.79,70.4,1007.11,86.03
5811,23.49,49.3,1003.35,77.96
2122,29.45,68.27,1007.96,61.63
5227,27.57,60.07,1016.52,54.75
6474,19.4,64.63,1020.38,81.1
8421,24.96,65.18,1012.68,76.19
7347,8.88,39.66,1015.21,88.29
8154,25.59,73.5,1011.19,81.52
8610,29.22,75.23,1010.49,48.73
587,22.4,58.12,1015.24,78.03
8839,29.97,73.06,1009.41,78.26
9353,23.56,49.16,1002.54,69.07
4748,25.93,66.56,1004.97,76.35
7358,23.86,63.77,1014.6,82.37
5239,28.04,74.33,1013.53,48.65
5833,21.03,70.02,1010.21,95.69
9357,15.75,39.99,1007.02,77.44
4180,27.17,67.17,1006.76,81.59
2298,20.65,50.59,1016.22,68.57
2802,28.18,77.54,1011.99,74.72
4524,12.99,43.8,1023.16,64.65
2078,29.63,69.71,1009.04,67.26
5433,5.65,40.72,1022.46,85.17
3123,13.52,41.48,1014.46,67.12
8662,10.17,40.46,1018.54,68.21
8005,19.75,57.32,1010.76,79.29
1917,10.92,40.92,1021.84,83.03
7899,25.18,62.96,1020.04,59.08
2666,17.0,49.78,1005.32,100.1
6008,8.33,39.72,1020.24,82.84
6370,20.29,63.09,1019.03,76.07
3928,23.34,59.44,1012.67,80.76
6166,9.64,39.85,1012.9,83.82
7298,17.44,44.88,1018.05,68.35
781,24.1,71.29,1007.96,67.56
1167,26.75,60.96,1012.05,56.77
1768,20.96,69.48,1011.04,82.63
911,11.02,41.26,1020.69,92.13
4880,14.85,58.59,1014.04,89.85
9381,19.5,52.72,1025.21,50.21
7142,25.68,59.44,1012.33,67.29
4203,25.64,47.01,1014.81,62.29
2495,31.44,64.44,1014.04,49.15
2285,25.61,74.22,1010.26,75.15
3433,15.66,41.35,1001.68,86.26
5510,10.18,40.81,1015.79,81.42
3989,18.45,42.44,1013.45,63.52
3600,20.57,44.78,1008.89,38.78
923,30.58,68.84,1011.34,51.29
858,26.56,52.3,1007.4,62.04
4598,5.34,39.22,1012.73,81.42
2510,10.86,44.85,1014.15,88.36
2562,20.71,45.61,1013.64,82.39
5528,19.73,56.65,1020.7,69.49
8392,26.46,61.41,1012.41,56.58
4192,5.56,45.87,1006.99,96.48
6222,8.57,40.69,1020.87,84.15
8715,27.22,67.9,1005.73,57.29
2854,32.19,69.13,1000.45,48.22
9547,10.94,39.69,1004.5,86.29
1125,31.11,72.25,1012.34,44.45
8015,26.11,69.84,1002.57,84.99
8556,11.16,40.96,1023.49,83.7
2567,23.6,65.48,1017.44,61.26
5868,19.69,56.65,1020.86,73.41
7510,9.14,37.36,1015.22,78.06
2023,15.57,38.78,1013.51,95.38
9121,12.12,41.17,1017.68,78.72
806,26.68,68.08,1011.41,67.33
9009,9.19,42.44,1014.38,94.24
8703,12.81,45.51,1015.46,79.97
6943,27.14,75.23,1011.47,63.14
6945,5.81,45.87,1009.63,94.38
2569,32.06,75.33,1001.96,63.15
7224,14.01,43.34,1016.95,83.41
3481,25.77,71.37,1008.88,78.96
8046,25.82,69.68,1012.69,89.94
3277,19.92,63.31,1015.02,82.71
9412,32.21,71.85,1008.25,58.09
1299,26.5,66.05,1017.03,61.34
8509,24.77,69.71,1009.86,85.56
4286,23.17,62.39,1008.04,89.42
988,29.79,77.17,1009.68,64.0
2989,20.55,46.21,1013.21,73.18
5001,24.65,63.86,1018.37,56.15
1984,24.96,70.47,1007.73,76.48
6547,15.02,42.07,1017.89,83.68
7037,26.11,62.44,1010.68,72.59
1988,27.64,75.6,1017.35,54.78
2213,14.79,41.04,1025.32,75.81
6183,6.02,41.38,1021.2,88.71
3659,29.28,75.08,1005.21,59.0
8739,6.93,38.68,1017.61,61.28
1935,24.78,66.49,1010.55,68.12
128,34.33,74.34,1001.74,42.75
274,31.54,77.24,1008.23,70.19
1685,31.33,65.18,1011.97,36.62
4993,12.92,39.35,1014.56,88.29
6751,26.2,60.07,1014.75,59.41
6675,13.85,45.08,1024.86,83.85
6348,17.63,40.55,1002.27,73.42
6782,22.38,63.31,1014.76,73.8
5364,31.62,64.05,1010.94,58.93
5849,7.64,42.28,1008.46,84.29
8590,23.81,46.93,1013.19,54.82
7655,25.97,57.32,1012.13,47.48
7173,16.95,58.86,1015.96,87.8
7951,19.46,56.89,1014.02,84.95
1404,23.07,65.27,1013.24,58.38
9340,17.68,45.17,1017.5,77.57
6142,23.56,49.16,1003.31,66.98
941,24.72,68.67,1006.74,79.02
67,29.22,72.39,1000.87,77.39
3555,22.47,48.6,1002.33,63.23
3516,11.21,40.75,1016.45,86.14
3674,31.41,74.16,1011.1,57.05
5106,11.8,40.66,1017.13,97.2
8227,3.74,35.19,1018.58,98.84
8293,5.6,38.91,1019.31,85.33
8067,14.02,42.86,1030.86,68.36
7162,24.5,60.77,1017.15,73.66
1522,23.46,59.27,1010.6,79.79
473,30.25,68.24,1006.58,31.9
1271,22.48,50.05,1005.55,82.36
308,23.95,51.86,1014.24,68.28
9494,11.2,37.5,1013.81,72.81
1185,25.21,59.21,1017.37,55.06
526,12.19,44.63,1018.96,80.91
8202,9.55,38.08,1019.34,68.38
1073,5.79,39.61,1021.64,85.41
1544,13.5,45.51,1015.33,86.95
6638,29.3,68.08,1011.23,56.23
8982,21.68,64.15,1021.09,70.88
5469,11.37,41.5,1013.57,88.82
6763,28.82,71.8,1010.97,67.64
6193,6.25,40.02,1032.14,80.22
8400,23.08,64.44,1014.85,69.95
5179,11.26,39.35,1015.47,99.28
2215,29.79,67.69,1006.86,55.93
5633,4.16,35.47,1017.72,88.49
2858,11.97,41.04,1026.42,70.75
4339,24.96,60.27,1018.68,69.97
2653,31.01,71.37,1003.4,55.06
6303,13.96,39.54,1011.05,85.72
9509,24.34,70.79,1006.82,85.66
7682,27.24,69.13,1009.28,70.85
5887,27.01,43.77,1011.18,46.58
1392,8.75,40.22,1008.96,90.53
4146,31.41,74.16,1008.65,68.5
7087,12.53,43.56,1014.8,74.05
1898,12.43,40.27,1007.08,61.56
8870,27.24,44.89,1009.61,51.89
6457,27.59,71.97,1008.64,88.22
8626,25.42,73.17,1012.29,85.86
6590,21.43,60.95,1015.27,75.49
7677,21.32,59.8,1016.26,76.26
4258,27.38,74.16,1010.08,78.61
5914,15.46,44.6,1017.7,68.2
8214,22.74,58.41,1013.92,84.03
1424,20.15,65.59,1014.62,79.39
220,29.35,71.58,1010.07,61.8
3864,27.22,66.49,1013.45,42.41
8910,19.51,50.16,1010.33,94.37
6741,16.29,50.88,1013.79,99.15
82,18.87,52.08,1005.25,99.19
8966,7.31,42.18,1014.75,86.75
8044,21.11,58.12,1015.38,77.78
4364,27.05,67.79,1010.99,71.37
45,28.41,75.6,1018.48,56.07
2975,27.84,72.39,1001.18,83.46
691,15.56,40.12,1013.72,89.78
2656,14.48,44.06,1018.73,75.88
2245,23.56,42.67,1008.01,66.76
2588,15.45,45.0,1023.63,70.74
7965,9.27,36.3,1026.93,72.13
6127,20.01,59.87,1019.0,84.12
8533,22.25,60.77,1017.8,82.19
1924,31.25,68.94,1005.99,49.61
3059,8.36,38.91,1016.27,88.82
2961,30.71,71.85,1008.07,72.05
4512,31.7,69.13,1000.29,46.27
3868,14.16,44.06,1018.92,76.34
6135,24.43,59.87,1019.08,60.57
1986,13.31,41.26,1020.83,79.55
3095,8.54,38.08,1019.75,71.24
254,12.83,44.88,1017.86,87.88
2128,33.37,71.37,1003.75,45.26
9083,23.21,73.42,1010.34,88.29
2206,8.74,40.03,1016.81,93.37
1897,20.85,59.21,1012.9,75.97
6860,27.47,69.98,1008.53,58.72
4029,8.86,40.23,1017.57,90.47
8429,23.92,66.54,1009.93,62.37
6911,15.42,39.82,1012.89,83.54
6698,9.82,37.83,1005.29,100.07
1410,26.93,72.99,1007.33,78.85
3743,32.0,58.9,1003.48,51.38
7396,12.84,50.59,1020.08,88.08
3265,24.43,58.95,1017.18,57.73
8215,10.25,41.46,1018.67,84.41
946,24.79,75.6,1017.07,68.23
4046,12.83,41.67,1012.84,84.29
5650,17.73,40.55,1003.36,74.62
1085,21.94,64.15,1021.2,61.75
3393,17.85,45.64,1020.11,82.94
8425,10.99,44.63,1020.67,90.09
9187,20.37,44.58,1016.77,66.22
7126,31.09,59.57,1010.67,60.5
2820,28.97,67.9,1006.19,65.81
6426,14.68,43.99,1023.36,86.79
2776,14.3,41.93,1020.6,65.38
3895,13.01,41.49,1019.82,92.86
1463,20.56,59.14,1016.02,68.59
695,22.81,58.96,1013.5,55.66
3689,13.83,42.86,1030.77,75.09
1139,11.74,43.56,1015.14,70.72
8787,25.62,63.13,1013.84,83.49
5691,14.24,39.52,1018.22,77.19
159,22.78,71.77,1005.26,89.23
2201,22.86,47.43,1009.75,61.54
98,29.89,71.29,1009.0,55.72
9194,26.94,66.48,1005.46,60.62
6805,12.58,39.72,1017.85,57.74
8176,10.57,36.71,1022.62,80.49
4097,14.48,40.89,1011.39,82.18
7291,20.76,44.58,1017.09,57.47
2311,13.75,40.89,1011.21,82.8
5816,7.68,38.06,1020.92,83.87
9318,25.63,71.58,1010.14,87.57
3882,9.47,41.4,1026.49,87.9
7499,13.14,40.66,1016.47,94.76
3042,16.32,43.56,1014.4,59.77
6746,15.62,35.4,1016.19,53.95
2954,21.91,63.76,1009.85,76.8
3987,23.16,57.76,1017.74,63.79
3604,24.59,72.24,1011.42,81.5
1571,10.64,41.04,1025.0,93.59
5937,24.58,48.98,1014.96,38.75
2706,27.05,77.95,1009.57,76.56
4311,18.27,65.94,1013.09,84.72
4317,23.71,60.23,1009.76,90.67
6313,28.97,64.44,1014.55,54.67
4084,23.75,60.29,1017.36,64.04
3268,19.82,57.85,1011.58,97.23
627,25.72,70.47,1010.44,70.57
4852,20.38,66.54,1013.95,77.8
7306,25.99,63.07,1012.5,64.81
8250,26.82,60.96,1012.25,57.41
147,23.49,73.18,1012.4,90.05
6279,23.1,51.3,1011.93,80.05
4272,11.33,41.16,1019.05,87.13
1646,29.23,74.22,1008.49,57.88
6696,5.99,35.79,1011.56,91.69
337,30.9,73.42,1011.21,65.32
4754,31.01,69.13,1000.93,62.96
3439,30.2,71.8,1011.13,60.66
5322,27.34,71.29,1008.32,56.51
4648,29.0,69.68,1012.78,66.09
1933,10.72,41.17,1019.68,60.71
2404,27.44,66.56,1005.51,69.28
5191,29.04,70.72,1009.55,66.58
2684,28.67,69.14,1008.24,72.68
9024,7.61,39.37,1015.84,83.73
8122,20.9,67.71,1007.16,59.02
8247,27.24,77.17,1009.37,81.51
4380,12.15,71.14,1019.56,86.06
7028,21.59,48.06,1012.72,77.13
1225,24.89,66.49,1010.15,65.65
1572,27.34,71.64,1008.12,72.22
2080,17.43,63.09,1019.87,92.77
8852,10.17,41.46,1019.34,83.04
3038,27.5,59.54,1004.88,72.7
1470,21.71,65.27,1013.24,63.58
2328,20.82,63.77,1014.28,86.37
7578,22.35,57.76,1017.92,68.18
6720,16.91,43.96,1013.32,79.87
7367,26.48,73.06,1008.07,90.73
822,19.94,38.52,1018.4,55.9
3119,18.81,61.87,1009.71,70.47
288,25.5,63.91,1009.4,75.22
5704,24.81,63.94,1018.76,44.51
8007,24.08,49.3,1003.23,70.42
725,24.81,60.95,1014.72,54.71
1060,22.37,50.78,1008.84,82.06
4161,14.8,58.2,1018.29,85.11
4958,25.9,71.73,1010.18,74.83
1740,24.49,68.61,1010.56,64.03
5307,22.39,58.18,1008.52,87.48
4494,22.49,71.29,1008.24,75.8
1879,28.95,66.75,1018.22,60.48
3472,33.34,69.88,1007.65,42.72
2008,30.3,69.51,1011.8,50.43
9461,13.54,40.69,1015.85,77.55
1321,28.59,80.18,1011.36,89.18
1633,3.73,39.42,1024.4,82.42
5321,25.3,71.58,1010.18,87.36
7585,25.89,48.41,1008.49,68.58
7110,13.47,41.14,1026.09,82.96
5390,6.77,38.18,1017.8,81.13
9510,18.21,41.85,1014.67,56.86
1797,24.86,60.77,1016.85,71.24
6235,21.69,47.45,1007.56,77.2
2982,21.95,68.08,1012.91,69.36
5844,24.22,71.14,1009.38,64.53
5080,23.95,59.92,1010.15,86.37
1104,14.78,41.17,1016.42,67.42
8923,8.09,43.02,1014.79,81.06
428,9.34,41.49,1020.58,97.59
7925,23.36,65.18,1012.35,78.09
7733,14.71,52.72,1024.7,70.29
4179,24.54,60.29,1017.42,58.94
4774,28.92,61.02,1011.19,56.13
7537,21.61,64.63,1020.86,69.73
1144,12.28,40.92,1023.23,89.14
1122,27.45,59.74,1011.34,58.58
5655,27.75,66.54,1010.21,46.37
8545,32.55,70.94,1006.75,43.15
616,23.7,70.32,1007.21,66.85
2762,29.86,69.34,1007.76,54.12
8356,10.35,39.82,1013.33,94.78
4553,22.5,59.43,1010.31,72.17
7806,14.94,40.0,1017.69,65.43
5508,23.03,59.04,1011.85,81.24
7917,28.87,72.58,1008.69,79.34
4171,31.48,69.75,1008.9,45.66
5593,26.31,72.39,1001.16,88.43
1545,26.38,65.12,1016.1,47.57
5031,7.94,40.56,1023.25,80.84
6239,25.6,66.48,1006.16,69.34
3891,22.67,62.52,1016.47,65.63
3914,8.07,41.17,1019.4,86.43
2126,24.22,49.82,1014.61,66.82
6986,26.82,66.51,1016.32,55.76
3354,22.86,66.48,1003.77,71.22
2041,12.04,41.58,1018.02,88.91
7188,24.46,61.9,1013.88,87.16
136,15.94,41.76,1023.32,67.17
4009,10.72,45.0,1023.22,86.95
4096,22.61,60.27,1018.81,83.27
3632,8.94,36.71,1025.5,80.45
9459,13.42,40.92,1022.84,75.89
8352,26.04,68.08,1010.82,75.58
6875,12.56,41.4,1019.23,74.26
4579,12.31,40.64,1020.71,94.6
4177,9.82,39.64,1010.79,69.22
6150,18.0,43.7,1015.4,61.28
8676,11.89,40.64,1021.29,97.16
6609,28.9,68.84,1011.64,64.44
5261,24.41,73.67,1007.39,86.92
2745,26.11,70.36,1007.64,70.12
7011,16.89,49.21,1015.19,70.39
4248,16.75,36.99,1006.42,87.18
1790,12.25,41.38,1021.81,59.0
2947,13.86,40.83,1008.76,82.4
6654,13.8,40.2,1013.12,90.59
550,13.78,38.47,1015.2,57.8
6022,12.14,44.85,1014.36,60.04
9457,22.5,45.38,1014.11,65.08
5259,16.09,44.71,1017.86,42.74
574,23.12,69.71,1008.98,84.41
1141,17.88,45.87,1008.39,93.63
662,26.49,71.73,1010.07,74.48
1159,10.17,41.46,1020.01,84.86
6,22.99,61.02,1009.88,81.56
5478,24.43,58.2,1017.18,46.84
209,15.07,43.48,1015.22,57.74
2362,13.32,41.7,1020.22,88.3
1967,16.73,65.94,1013.79,90.19
994,29.48,64.69,1006.44,64.46
8100,10.82,42.02,996.03,99.34
6830,21.26,50.32,1008.41,87.22
2450,8.18,40.02,1031.45,73.66
9297,16.61,50.9,1013.18,85.26
2242,10.86,37.5,1013.36,75.56
4100,21.69,44.57,1005.84,71.53
2618,17.7,38.52,1020.15,69.8
6905,17.29,52.72,1024.71,62.32
5481,23.14,63.94,1017.49,53.19
6120,30.8,70.94,1007.06,63.09
8420,7.73,39.04,1018.61,68.23
6153,26.82,65.27,1013.6,53.85
3353,11.75,40.55,1018.09,97.7
4688,9.73,41.01,1021.76,97.71
6114,21.82,65.27,1013.86,72.81
437,22.52,67.32,1011.4,66.2
2039,32.31,77.95,1010.15,62.17
1338,26.65,66.48,1005.7,65.09
3543,14.32,40.78,1024.49,73.84
4093,7.09,43.65,1019.6,72.1
6546,22.02,64.45,1012.57,47.87
3283,30.68,73.67,1005.63,57.05
6141,31.5,70.32,1011.44,64.09
4320,25.24,68.67,1006.76,76.95
6673,19.83,59.44,1012.98,91.24
2918,25.37,44.89,1009.27,63.06
3295,25.32,48.41,1008.47,72.14
5795,21.49,61.27,1019.81,63.21
8249,29.33,64.84,1010.76,53.32
1070,18.76,58.79,1016.66,88.22
7324,25.43,69.13,1002.2,86.44
6785,14.47,41.76,1021.98,78.41
509,6.4,39.18,1024.6,86.83
582,21.91,48.7,1006.89,83.97
7827,25.93,60.29,1017.62,50.03
2209,15.3,41.76,1022.57,71.56
3908,23.47,60.77,1017.19,75.36
146,26.95,48.41,1008.53,62.94
2675,29.42,69.14,1007.32,75.04
939,16.64,45.87,1009.02,98.86
5931,24.23,49.3,1003.61,74.44
9403,19.78,62.1,1019.72,78.36
4876,25.71,66.05,1018.58,66.23
2740,26.44,69.34,1009.55,73.18
2414,29.56,73.88,1005.77,66.45
1956,23.78,69.71,1008.79,83.17
1242,16.39,58.59,1014.58,90.34
4324,11.43,44.78,1013.43,82.45
2932,8.81,44.68,1023.06,93.93
2372,13.65,42.86,1015.41,87.67
6940,24.87,68.61,1011.19,55.69
391,25.27,69.89,1015.21,79.33
4496,29.28,74.33,1011.66,72.37
9117,24.19,58.95,1017.78,58.78
2255,25.68,46.21,1011.01,57.53
3112,8.67,36.66,1026.8,84.36
8567,23.89,64.27,1013.37,75.22
4594,19.8,49.15,1020.88,61.88
6339,13.63,40.92,1021.89,80.5
2398,27.71,69.51,1009.65,58.38
4082,22.69,65.12,1016.35,72.02
2619,24.39,51.86,1014.92,59.98
575,22.3,50.78,1008.85,81.27
1206,11.74,40.6,1013.91,90.57
3196,20.92,70.02,1011.06,85.63
4571,13.31,40.1,1014.81,82.11
4620,26.69,79.74,1008.29,73.79
9018,12.22,40.78,1024.02,85.46
1508,29.01,70.04,1010.02,57.35
3289,20.77,56.85,1012.4,83.63
6321,21.37,65.94,1010.73,75.09
4712,15.23,44.9,1007.75,81.34
5047,28.24,65.74,1013.4,64.87
4277,14.41,40.83,1009.82,80.43
4669,16.85,52.9,1019.47,81.28
6359,28.26,65.34,1014.56,43.4
4719,15.21,50.88,1014.24,100.11
7980,6.33,42.07,1004.25,77.1
2385,12.29,40.71,1019.71,83.09
1063,12.17,49.83,1008.05,96.44
7245,18.92,67.71,1008.19,64.53
3833,15.75,47.45,1009.86,86.68
2807,28.28,68.67,1006.36,69.9
5961,26.18,69.84,1005.13,72.89
5472,25.16,74.33,1014.55,76.7
4445,14.66,40.89,1009.72,91.56
1458,8.27,39.64,1011.0,84.64
5262,21.79,46.21,1012.89,72.0
2545,27.43,63.87,1017.6,43.33
161,31.54,72.58,1007.61,65.57
7931,9.53,38.18,1018.43,75.33
8222,21.48,47.43,1006.88,63.54
4173,11.37,40.56,1017.56,64.8
8468,27.26,66.56,1007.83,60.95
2571,23.48,64.15,1021.08,57.77
7,12.85,40.0,1015.89,68.85
1628,15.79,49.15,1020.62,76.22
1117,20.13,47.03,1012.59,83.03
3846,8.36,40.71,1026.34,82.76
6577,21.99,51.19,1009.19,82.58
1814,19.31,44.71,1016.13,30.59
3497,18.1,45.0,1023.05,48.41
481,18.4,43.96,1012.4,77.81
4869,11.02,39.96,1025.64,93.58
5170,14.13,41.23,994.6,93.02
5836,20.89,68.63,1012.6,69.52
7185,33.96,68.94,1006.93,47.39
8045,37.11,68.94,1006.23,31.15
1601,8.61,41.04,1024.81,95.6
891,32.13,74.34,1003.34,56.39
1005,26.52,77.17,1008.71,92.32
3225,18.9,62.96,1020.69,80.57
1600,21.11,43.43,1010.1,62.62
5366,28.73,68.3,1016.53,55.73
5009,11.06,40.64,1021.47,96.16
8338,6.19,41.31,1002.48,88.8
1177,15.16,40.73,1017.7,86.37
1216,18.31,42.23,1012.88,79.32
7933,25.95,59.92,1010.05,76.05
28,19.65,44.89,1009.76,75.36
4181,16.36,44.88,1018.34,76.0
2458,26.61,69.13,1002.05,51.97
6660,5.62,40.62,1015.81,85.34
8135,26.7,66.56,1005.31,71.97
5880,6.25,39.64,1010.98,83.45
2273,16.27,58.2,1018.47,80.03
3484,11.66,44.6,1018.39,89.98
8516,25.44,56.57,1013.8,66.72
7279,23.63,71.29,1008.01,70.07
8584,32.06,71.85,1007.9,56.44
5500,18.28,45.0,1022.47,43.03
4095,24.82,59.27,1012.76,72.34
1717,24.54,44.89,1010.05,59.13
5701,13.1,49.83,1007.29,92.79
3798,9.75,43.69,1016.81,82.42
7536,15.45,46.63,1012.6,85.47
3786,25.62,58.82,1010.02,70.31
8172,10.62,39.58,1011.9,87.85
2247,11.47,25.36,1008.27,95.4
8290,7.24,41.17,1020.35,80.56
4593,8.05,40.62,1018.16,73.67
9290,7.44,38.5,1012.81,70.27
7978,33.01,68.67,1005.2,51.41
6180,21.33,50.32,1008.58,85.3
7885,24.44,47.93,1003.13,67.04
4016,13.76,45.87,1008.89,87.27
7300,4.88,40.27,1012.66,74.51
342,19.76,48.92,1010.48,46.57
7380,18.59,65.06,1015.75,80.72
6242,27.38,77.24,1008.25,82.49
1094,13.61,41.74,1021.66,62.83
5281,5.89,35.77,1019.78,79.58
8854,10.87,42.02,1002.08,95.22
8823,20.24,56.65,1020.72,62.9
804,23.68,68.3,1017.93,84.16
8209,16.79,44.6,1014.27,48.08
4061,19.84,56.89,1013.23,78.32
830,11.64,38.25,1013.33,85.79
420,25.87,44.57,1007.43,55.92
6042,17.48,46.21,1014.02,80.78
5882,28.32,47.93,1003.26,54.5
6408,22.72,69.13,1010.81,92.43
6748,15.34,43.5,1021.18,79.44
8958,15.79,38.28,1014.4,74.84
867,24.8,72.24,1011.58,83.61
8037,24.27,74.99,1007.73,82.49
4167,5.95,35.57,1025.84,77.61
4360,29.14,67.45,1015.51,46.47
1300,16.0,37.87,1020.24,78.41
5103,28.86,67.9,1006.29,57.19
9545,30.07,69.82,1010.39,57.53
1126,25.13,68.63,1013.57,43.44
712,25.21,60.37,1006.01,73.14
5292,11.01,42.02,995.24,98.62
3657,21.16,50.66,1014.13,72.77
2615,6.86,41.17,1020.12,79.14
7807,25.63,58.86,1014.86,52.75
2651,15.5,44.92,1024.16,86.44
975,28.73,68.24,1008.31,56.85
7533,14.62,46.18,1014.75,96.81
9141,22.7,48.14,1014.06,60.09
4306,21.17,64.15,1021.25,62.38
7422,29.8,64.69,1006.6,54.43
8073,24.09,63.94,1017.59,51.02
2161,11.43,41.16,1022.81,92.04
2978,22.12,60.77,1018.01,83.87
6505,10.59,39.96,1025.87,97.05
6873,13.98,44.84,1023.6,89.09
4030,32.31,62.04,1010.45,38.01
5147,23.54,70.32,1010.89,80.76
8328,31.39,69.59,1008.28,62.86
6039,15.56,41.1,1003.55,76.92
3121,26.21,70.32,1007.0,78.29
4417,24.26,69.51,1013.43,53.23
6475,27.14,71.32,1007.8,87.99
1540,9.04,40.11,1023.3,76.32
3417,22.24,60.07,1015.93,62.25
4516,26.54,71.98,1005.8,91.16
6340,5.0,40.64,1021.05,94.84
7616,14.79,38.73,999.83,86.45
4546,14.47,48.79,1017.05,69.87
5326,22.91,66.44,1011.23,63.43
6131,7.94,40.6,1015.3,92.14
8791,14.03,44.88,1019.6,57.63
7991,12.8,44.9,1007.58,66.6
2061,6.57,39.37,1020.2,77.37
408,29.72,54.2,1012.86,38.48
1140,7.64,41.17,1020.01,75.14
961,30.5,66.75,1017.55,38.2
1406,9.3,40.56,1022.64,76.14
7771,18.21,41.23,993.11,62.29
6277,28.64,66.54,1010.43,43.39
3733,25.42,66.05,1016.74,68.92
7701,20.2,60.1,1010.66,84.24
728,14.43,41.76,1024.02,83.57
3262,29.08,66.54,1004.67,64.5
1435,27.16,65.61,1014.21,47.93
6702,20.21,54.9,1016.82,66.56
3732,6.63,39.37,1020.33,76.18
8678,28.8,71.77,1006.41,66.03
3791,18.2,52.72,1025.87,54.26
3901,23.42,63.07,1011.72,75.81
4381,29.2,70.79,1004.8,63.74
259,19.36,44.6,1016.25,45.65
8505,24.59,71.94,1006.89,88.52
2378,22.88,50.23,1016.11,63.77
7646,15.83,52.75,1024.3,58.34
7565,27.0,69.34,1008.88,74.4
6849,27.67,71.64,1004.41,78.14
5265,10.37,37.5,1013.19,79.25
8755,23.56,73.18,1012.18,87.98
3935,25.06,52.36,1014.7,67.98
5008,21.46,46.63,1012.97,71.29
7226,25.35,72.99,1007.65,84.09
99,28.35,71.14,1010.65,60.38
5696,16.0,45.09,1014.31,60.02
89,13.16,43.41,1016.43,79.47
2517,33.8,64.96,1004.88,49.37
1183,4.0,39.9,1009.64,97.16
5919,28.44,77.54,1011.73,77.3
2680,2.71,39.42,1026.66,81.11
3679,23.31,60.08,1017.14,64.35
4424,20.57,60.1,1011.16,83.45
1893,6.74,36.08,1020.36,86.98
8979,24.67,68.14,1004.96,58.15
8863,26.31,52.09,1013.39,53.59
8406,14.51,53.82,1016.46,62.75
3774,17.46,40.22,1006.7,91.96
8307,23.66,72.43,1008.0,89.49
9102,31.06,67.17,1007.62,65.54
385,14.2,42.86,1031.96,69.59
6430,15.8,41.2,1016.08,77.83
6566,21.79,58.2,1017.21,66.74
4092,14.89,39.82,1013.23,82.49
8695,24.51,68.63,1014.15,45.1
6118,26.39,49.16,1005.68,56.18
3836,22.69,54.2,1012.92,65.55
5270,18.04,44.85,1015.13,48.4
8964,15.03,43.71,1025.07,83.25
8704,14.32,45.08,1023.24,84.53
372,28.09,63.31,1013.01,52.6
1945,25.38,63.87,1018.7,52.48
7275,23.86,59.21,1013.02,73.6
7580,27.0,71.25,1002.66,70.59
6528,20.03,62.26,1012.15,82.54
7437,5.66,35.79,1013.86,94.42
6428,26.86,72.58,1009.22,88.39
8160,7.49,39.81,1018.2,85.96
324,30.88,67.83,1008.97,54.99
3829,19.9,56.53,1020.52,78.05
887,17.28,44.06,1018.15,66.93
1576,27.73,67.69,1007.47,59.42
552,20.06,52.84,1004.21,82.12
5730,21.96,59.8,1016.72,72.6
4023,14.35,40.71,1023.09,69.5
9506,11.36,40.75,1016.34,85.19
4410,19.86,59.14,1016.12,69.32
7093,14.64,44.92,1025.54,91.12
5997,5.98,39.61,1017.27,84.86
394,14.3,54.3,1015.16,75.29
895,16.48,41.35,1005.61,89.07
2344,25.71,71.73,1009.72,75.29
8240,12.73,37.73,1021.89,61.76
4857,11.67,37.73,1021.2,68.88
6511,27.01,69.75,1009.78,81.29
2359,27.33,66.17,1011.06,64.55
1925,14.82,40.0,1016.32,66.3
8943,15.01,43.56,1014.65,61.82
7002,15.15,37.64,1014.37,89.82
4222,25.33,73.21,1002.19,97.24
2353,2.8,39.64,1011.01,82.96
9444,28.51,70.02,1010.58,54.68
5440,13.67,41.48,1017.51,63.54
8024,24.22,61.86,1013.39,80.11
2864,23.19,48.6,1002.38,61.19
2958,9.86,43.56,1015.13,74.89
9165,19.88,44.6,1015.52,37.85
7719,5.54,41.38,1020.47,82.91
4154,28.31,74.34,998.42,79.23
4536,14.26,43.34,1017.24,81.54
335,4.56,40.27,1011.13,80.24
1812,16.71,42.99,1007.72,75.35
3350,23.55,65.94,1011.76,58.44
9002,25.82,57.19,1007.99,62.95
8217,22.87,71.29,1008.1,73.1
3361,22.76,57.5,1014.75,74.38
6513,26.44,71.73,1009.52,81.75
3050,24.53,74.78,1009.9,78.34
2718,19.02,49.25,1019.75,58.29
221,24.69,71.73,1010.13,70.54
3714,15.0,41.17,1015.57,64.82
5682,24.43,65.27,1013.25,55.4
4850,25.42,59.04,1011.98,68.78
9499,5.84,43.02,1013.88,87.42
2586,24.29,62.91,1013.04,65.85
1436,9.38,40.46,1019.29,75.77
6665,8.52,41.55,1002.09,86.81
7599,16.13,43.48,1014.41,50.05
5891,22.21,45.01,1012.22,54.84
1958,23.66,62.08,1022.42,64.13
1755,14.62,44.84,1023.41,85.17
6194,14.85,45.87,1009.37,84.65
9044,8.86,36.71,1025.64,79.65
4488,31.55,69.75,1010.12,58.36
444,26.75,43.21,1012.29,87.28
8252,26.17,70.47,1010.25,68.96
597,5.54,45.87,1008.69,95.91
3809,17.36,44.63,1020.49,54.21
2455,29.0,75.33,1001.6,71.43
9010,26.75,58.33,1013.55,45.47
6906,7.7,40.72,1022.81,81.97
2314,12.03,40.1,1015.32,85.39
623,13.45,40.73,1018.7,93.88
605,17.48,49.39,1021.51,84.53
5619,13.52,42.07,1017.91,90.21
2015,24.67,58.05,1011.31,69.95
6882,32.53,77.95,1014.76,58.1
1947,11.1,40.0,1021.29,86.58
6048,34.18,67.9,1005.87,30.34
1873,20.0,39.53,1007.59,62.09
108,30.13,78.05,1010.99,61.5
5338,10.91,40.1,1014.07,91.45
2093,18.31,50.9,1011.87,86.83
4558,29.03,43.21,1011.83,65.23
3427,12.59,39.72,1017.76,61.14
689,23.01,44.05,1006.56,74.95
311,17.3,42.24,1017.07,64.52
5232,27.71,54.2,1012.72,47.25
6088,10.62,39.64,1010.51,68.55
2560,25.41,66.49,1014.06,51.09
386,9.06,43.79,1016.05,81.32
5669,18.18,50.16,1010.22,99.73
8988,29.53,77.54,1010.39,66.13
2347,17.35,42.86,1014.62,74.16
1198,23.75,61.5,1008.16,69.14
138,20.62,48.41,1007.37,87.51
397,20.83,49.02,1009.45,91.92
834,25.95,69.51,1009.36,66.82
5793,17.18,40.55,1000.47,72.03
8579,24.35,59.21,1018.21,54.46
4296,10.25,41.26,1007.44,98.08
613,23.07,49.02,1009.07,84.1
9077,11.61,52.75,1020.94,77.56
2582,8.95,36.18,1014.08,76.94
8302,21.81,65.06,1014.6,66.41
3532,30.33,70.36,1006.72,70.31
6652,32.57,65.74,1011.03,46.27
7211,23.25,59.87,1018.69,66.4
211,28.18,73.03,1014.18,67.72
1718,26.82,69.05,1004.62,40.0
5141,15.09,40.89,1010.15,92.0
3344,21.85,69.94,1010.89,79.4
4484,29.16,73.17,1010.96,67.77
8848,10.96,41.93,1019.28,87.38
8669,12.28,39.96,1011.76,77.07
1091,30.82,76.2,1007.47,59.3
8675,22.5,58.79,1017.48,73.02
5139,12.41,41.16,1017.45,93.64
1513,25.99,71.32,1007.17,83.23
6385,12.21,41.67,1012.88,85.19
1217,14.02,40.75,1016.05,70.65
1690,12.95,41.38,1021.97,53.83
6336,21.75,67.45,1014.89,67.09
4497,16.0,40.66,1016.12,89.23
6345,10.34,37.5,1010.35,95.56
7005,11.82,41.74,1022.36,74.06
6268,19.23,41.67,1012.53,48.86
7189,9.16,42.44,1014.43,93.67
6754,21.04,45.09,1014.19,40.62
5601,10.82,39.96,1025.53,95.89
6635,16.33,42.44,1013.98,84.9
8474,7.95,40.72,1023.7,84.19
2430,5.74,45.87,1011.44,95.94
3191,29.51,75.6,1017.92,50.61
7353,15.87,45.0,1021.92,40.0
2028,10.36,41.46,1017.53,92.04
659,28.64,69.23,1013.11,37.13
4772,10.59,41.46,1016.87,85.7
3691,24.42,64.79,1016.12,69.32
4621,26.37,69.84,1002.71,83.51
783,25.15,68.61,1011.03,53.59
8164,26.94,71.14,1011.63,62.74
9070,18.83,58.46,1016.85,87.16
6417,23.53,68.94,1007.53,69.17
1288,14.11,45.08,1023.27,83.22
6349,22.73,43.79,1015.61,42.66
3943,13.92,39.85,1012.64,68.03
859,18.94,47.83,1005.18,78.59
6608,15.64,44.21,1020.17,83.28
3028,12.76,42.32,1015.35,78.18
6113,25.6,73.67,1005.78,84.82
3071,13.32,43.22,1009.45,75.3
4252,31.35,71.97,1008.29,72.26
2040,29.3,73.67,1005.64,65.31
7975,8.81,43.14,1012.46,73.99
5476,15.25,39.58,1012.1,73.05
1715,16.88,38.58,1014.72,73.99
5869,11.92,40.55,1016.91,100.07
8228,31.12,68.94,1006.05,68.46
6009,13.12,52.75,1023.69,67.5
5990,19.29,50.16,1010.49,97.78
331,29.18,71.43,1011.65,59.49
7441,28.84,74.9,1004.38,66.86
8467,18.36,62.1,1019.9,79.09
7577,15.06,39.3,1019.63,63.32
2226,13.7,34.03,1018.82,69.07
5173,30.85,67.45,1014.53,32.99
8770,10.03,40.96,1024.57,91.1
1966,24.28,71.98,1006.34,90.45
7064,14.74,44.47,1028.29,67.87
130,24.32,65.48,1017.55,59.02
9110,24.57,49.5,1014.22,56.31
6320,7.85,37.8,1020.9,59.19
5558,28.31,66.17,1009.75,72.66
6169,8.93,40.46,1019.03,71.0
6034,17.89,44.78,1010.03,53.78
6167,30.08,67.25,1017.6,53.09
1764,24.18,58.49,1011.3,77.82
7212,20.53,65.06,1016.69,73.47
9460,22.59,66.54,1005.11,92.62
5623,7.81,39.64,1011.42,86.68
3720,29.05,68.24,1007.88,42.67
6241,28.55,66.51,1015.46,34.04
6669,25.02,47.45,1008.07,60.42
5282,15.11,56.03,1020.27,89.95
6444,27.79,71.85,1008.95,87.35
8397,9.68,38.16,1015.54,79.67
5739,12.41,40.96,1023.36,78.96
3072,13.69,44.85,1016.89,79.87
3167,10.23,41.46,1018.89,83.06
9162,10.6,41.17,1018.38,87.92
343,25.1,61.47,1007.84,75.75
600,15.69,37.87,1022.63,87.71
1488,26.88,69.51,1012.76,45.03
9270,14.38,44.78,1010.8,66.58
2237,12.26,39.96,1011.79,79.06
1380,26.26,73.06,1009.35,91.65
8278,24.13,45.61,1012.63,71.36
3005,30.52,70.04,1010.62,54.47
4400,18.21,49.69,1013.54,80.16
1620,8.94,42.07,1018.9,85.93
5143,9.87,40.81,1017.17,84.25
7082,7.2,40.02,1031.71,69.89
6909,26.09,70.4,1007.41,85.37
8541,29.79,69.34,1008.82,65.13
5108,18.7,52.72,1024.84,57.72
2973,29.29,57.19,1008.3,60.11
2908,21.08,63.13,1013.53,98.0
192,31.27,69.13,1009.45,57.01
5125,15.24,44.45,1020.56,66.13
1038,21.89,63.94,1019.55,55.09
3204,11.42,41.54,1020.21,71.57
7070,30.31,74.16,1010.69,58.81
1546,27.71,66.93,1016.85,58.77
2492,8.72,40.72,1023.48,77.87
5002,31.15,69.59,1007.82,64.96
40,23.95,58.79,1010.45,74.34
2320,22.18,45.09,1014.04,43.13
9456,21.31,46.97,1014.08,62.57
91,32.92,69.05,1000.74,39.61
8064,25.0,68.14,1005.35,57.13
1170,20.1,57.17,1011.96,87.68
2054,28.69,73.18,1012.23,68.57
5727,14.67,42.28,1007.21,65.17
8690,15.17,36.71,1013.5,77.44
7425,23.62,49.21,1014.1,49.54
2333,20.3,59.8,1015.24,78.75
6913,15.84,41.66,1009.69,62.81
2574,10.16,40.8,1028.13,86.39
2819,11.76,39.28,1016.9,91.06
2090,16.15,44.21,1020.76,85.41
617,7.98,39.61,1018.57,77.04
8436,27.71,72.99,1007.18,72.68
5519,13.74,39.35,1014.82,77.48
2098,24.35,73.17,1012.2,85.88
4076,16.68,53.16,1014.32,78.02
5117,32.4,68.14,1004.44,34.53
2606,22.07,70.72,1010.52,82.96
9201,8.82,43.56,1014.95,81.54
7191,25.11,62.26,1011.12,78.01
4471,26.3,69.05,1005.37,41.7
7559,13.95,41.49,1019.95,86.46
4474,29.12,67.83,1008.05,46.86
2597,26.63,64.44,1012.66,61.19
5090,22.98,51.95,1006.83,74.92
4269,22.04,58.05,1013.11,85.22
7400,12.83,41.5,1013.12,86.07
3761,6.16,39.48,1004.85,59.68
6107,17.1,48.98,1016.48,85.63
6304,17.09,42.42,1009.03,72.01
1820,22.75,58.86,1016.0,67.34
3489,10.03,42.18,1017.3,85.99
2304,29.17,74.34,1004.51,82.02
1520,21.96,58.79,1012.1,88.74
6219,16.72,44.34,1019.26,63.77
2397,8.16,39.64,1011.21,85.56
3919,23.53,50.05,1005.63,78.4
5661,11.49,44.63,1020.44,86.04
1433,28.9,68.12,1011.87,46.56
2400,6.86,40.02,1031.5,77.94
2584,18.68,53.29,1018.16,75.01
3906,22.35,51.43,1011.34,77.33
5689,6.76,39.22,1013.91,77.0
3920,22.55,70.79,1006.19,92.56
2411,21.6,43.43,1010.28,61.87
8895,9.53,40.23,1017.74,89.05
7518,22.99,60.95,1015.14,69.86
8253,23.97,64.05,1012.23,90.18
6123,13.56,41.48,1008.53,87.2
954,23.08,48.41,1008.44,82.35
2202,27.37,63.31,1012.89,60.11
9193,22.69,48.14,1013.7,62.05
863,24.39,58.41,1013.65,80.93
1297,12.93,38.73,1006.41,89.24
7881,20.86,57.32,1010.24,76.64
4806,26.12,70.47,1009.93,72.13
9301,21.81,65.46,1013.97,52.16
5494,16.97,50.9,1012.31,82.65
4626,18.74,59.21,1018.3,91.55
5947,9.45,39.04,1023.08,75.81
5512,8.24,39.61,1017.99,78.42
1145,26.43,51.43,1006.3,71.48
6867,14.76,39.64,1010.37,81.99
1396,25.24,57.17,1010.44,74.0
2065,21.02,61.5,1008.52,77.74
3942,28.61,68.12,1012.23,46.45
6253,12.27,43.8,1023.21,57.0
3759,7.14,39.4,1011.68,91.84
2764,24.18,66.48,1003.3,70.99
9138,26.97,71.58,1010.13,75.16
1156,26.54,71.14,1007.52,72.04
8191,9.73,40.22,1011.48,87.88
5129,26.14,71.98,1005.98,82.45
6157,5.89,40.07,1018.99,63.13
687,13.11,41.58,1020.43,74.32
3770,21.0,70.02,1010.22,95.11
1937,5.85,40.77,1022.44,84.77
959,26.45,64.27,1013.23,60.92
3671,9.18,42.18,1017.4,87.3
3832,27.96,68.51,1007.26,63.21
2053,27.63,71.98,1005.45,82.88
7549,10.11,39.72,1019.1,69.68
7649,11.03,44.78,1013.16,83.85
1233,21.34,59.8,1016.92,77.06
6467,25.47,65.34,1015.3,50.31
1750,7.62,44.71,1020.56,69.96
5625,23.36,62.52,1016.18,68.18
3418,28.06,70.04,1009.89,66.07
507,7.54,40.72,1023.82,85.15
4778,24.03,62.44,1010.96,79.88
2707,29.24,69.05,1003.12,43.18
6510,25.13,51.95,1005.42,62.05
6021,12.74,39.13,1008.19,94.81
1475,31.26,68.94,1005.94,39.49
9462,32.21,68.3,1014.94,49.38
4421,17.36,52.9,1015.42,69.97
7689,27.78,72.43,1006.72,74.53
3595,6.45,40.02,1032.08,79.7
7452,26.69,59.21,1012.55,57.59
7391,17.79,44.9,1020.5,69.72
3831,23.58,58.82,1009.68,81.38
2620,11.1,44.85,1014.27,65.08
6181,30.52,71.77,1006.22,56.4
7805,9.7,37.14,1012.79,75.2
9273,7.84,41.39,1018.21,91.92
6473,21.85,59.8,1016.89,75.28
9263,24.48,50.23,1017.03,66.89
7887,27.53,67.83,1009.4,53.73
6850,28.54,69.59,1008.84,78.62
545,23.44,62.52,1016.46,67.21
3937,6.38,40.07,1018.53,60.2
4530,27.92,63.07,1010.75,45.26
2282,24.01,42.48,1011.39,55.1
7266,8.46,39.42,1025.05,69.36
6970,12.79,44.03,1007.46,95.93
103,10.94,43.67,1012.36,73.3
1332,32.11,78.05,1010.36,58.78
3597,18.71,53.16,1013.26,82.64
1293,11.72,40.35,1012.08,83.98
6954,31.12,69.13,1009.61,56.54
7551,28.69,58.33,1013.67,34.1
4557,17.98,60.1,1009.61,84.11
642,9.12,41.49,1020.58,96.23
8410,18.77,58.66,1010.34,87.25
7232,10.33,40.62,1017.41,64.22
2663,24.27,68.28,1005.43,67.63
5194,18.9,47.83,1005.31,77.79
1165,21.38,65.12,1015.73,68.02
3251,25.04,65.48,1017.66,57.08
5387,14.95,43.72,1010.28,93.62
2300,14.6,53.82,1016.28,64.83
6880,10.32,42.02,998.27,99.12
6243,6.26,41.31,1002.04,87.54
359,8.3,36.08,1020.63,80.42
6760,28.01,44.89,1008.98,48.52
2512,15.12,41.79,1007.16,82.35
8146,24.54,58.66,1011.63,57.62
1615,24.8,66.51,1016.74,65.72
7898,24.67,70.94,1007.99,75.64
6705,13.18,40.73,1017.62,94.4
8411,23.55,58.79,1010.78,78.47
4908,30.12,73.18,1012.29,61.32
9523,23.66,69.51,1012.9,52.59
2772,16.85,42.24,1017.43,66.01
3018,17.31,44.71,1017.43,35.4
4487,5.48,40.07,1019.63,65.62
8625,22.92,60.37,1007.05,89.94
4141,28.23,64.05,1011.98,75.23
6804,28.0,74.22,1008.68,66.0
1103,19.66,42.18,1001.51,95.75
1422,6.58,40.67,1020.18,71.07
2459,33.42,68.51,1011.91,45.83
8233,12.53,42.03,1017.57,81.57
6610,14.29,39.59,1010.93,94.53
6144,35.03,68.27,1006.55,43.82
4555,30.99,68.51,1008.0,71.35
3435,28.18,66.56,1005.69,65.67
4822,23.51,57.32,1012.55,53.6
5871,10.47,41.06,1022.24,81.16
246,27.31,59.54,1006.24,71.99
6254,26.55,73.67,1005.74,79.41
4704,24.26,67.69,1008.48,66.74
9507,8.77,40.46,1019.68,77.84
2694,20.99,50.12,1008.82,95.97
280,17.51,58.86,1016.78,83.63
2052,12.75,44.2,1017.59,81.22
6922,16.44,43.96,1013.66,76.31
9386,6.75,39.9,1008.3,87.42
7214,6.1,39.33,1010.4,95.34
9530,10.49,42.49,1009.81,78.92
8361,10.23,41.46,1020.45,84.95
516,19.95,50.66,1013.21,81.98
44,18.02,49.78,1003.86,100.09
3556,13.45,41.49,1020.19,88.72
5831,28.4,75.23,1011.12,55.01
684,25.62,73.17,1011.65,86.45
2185,14.93,39.16,1007.25,72.35
4080,23.43,61.47,1007.84,87.11
4576,28.16,71.94,1007.69,68.17
6811,19.43,52.9,1018.35,61.12
3675,18.89,67.71,1003.92,86.12
8954,24.31,58.62,1017.29,64.44
9374,20.01,68.63,1012.34,69.49
7069,28.57,62.26,1010.75,62.12
2885,14.87,38.28,1014.65,80.24
5402,4.31,38.5,1011.75,82.08
8551,30.11,62.04,1010.69,47.96
4033,28.71,64.69,1006.52,68.38
2527,31.63,69.59,1008.66,61.81
3933,17.46,62.1,1019.96,83.99
1172,31.75,74.99,1003.25,53.33
8291,15.77,58.16,1016.09,82.56
3740,19.08,58.59,1013.42,68.88
5336,6.28,41.06,1020.96,90.91
4060,26.42,59.27,1012.9,65.38
7247,30.3,73.67,1005.57,58.74
7050,32.56,68.14,1004.02,35.04
7962,13.97,52.05,1012.05,85.36
8308,31.54,71.06,1008.4,71.77
6411,34.43,68.51,1010.17,34.09
871,27.96,49.16,1004.8,35.64
3869,11.61,39.69,1006.85,83.69
7429,9.51,38.38,1022.77,73.82
2640,13.68,41.7,1019.19,84.07
5334,15.51,36.71,1014.05,72.92
370,22.84,67.32,1013.77,64.67
6881,24.29,57.5,1014.85,67.28
8179,7.51,43.02,1014.35,86.46
74,29.92,69.75,1009.12,67.15
8318,21.29,51.43,1011.31,90.12
2150,12.57,39.3,1019.57,72.44
239,10.32,41.01,1021.04,95.3
4590,7.39,39.85,1011.63,83.61
8201,11.2,41.54,1019.94,67.18
8661,20.08,54.42,1011.79,89.35
8595,7.75,38.06,1020.83,83.39
8272,7.22,41.01,1025.19,97.27
1432,8.58,40.72,1022.04,87.55
6058,33.37,79.05,1007.19,62.64
8163,29.39,69.89,1013.92,47.36
9043,12.57,41.79,1014.99,87.8
383,12.76,40.27,1006.58,49.34
4939,32.32,76.09,1006.63,62.96
7833,28.83,72.43,1006.69,67.04
2064,21.33,60.1,1010.97,78.36
7598,24.47,70.94,1008.07,81.55
7146,7.01,40.72,1024.0,86.37
5955,8.02,39.04,1018.49,68.07
796,22.89,48.98,1014.55,48.21
4737,29.25,69.98,1010.74,57.42
5905,24.98,58.98,1010.34,78.56
6139,17.89,40.12,1011.99,76.52
3858,13.73,41.78,1011.75,49.65
1098,28.66,50.05,1006.08,47.74
675,26.88,79.74,1006.54,93.7
9237,33.33,73.03,1014.2,42.28
177,10.02,42.44,1014.57,99.16
5790,22.88,59.21,1011.51,86.93
3807,27.46,66.54,1002.39,67.09
8698,12.55,39.58,1010.68,76.9
2943,29.97,69.14,1007.92,66.74
2348,24.88,51.43,1011.28,67.38
3375,6.8,41.16,1023.17,95.4
1652,15.25,52.9,1014.86,76.87
9115,26.77,64.45,1013.26,44.56
6033,11.42,40.35,1011.55,82.71
5425,25.27,67.07,1006.34,66.35
7270,22.96,45.01,1012.21,50.81
4521,15.84,52.72,1026.45,62.57
6319,14.01,42.99,1007.12,69.69
4124,10.31,37.5,1008.55,99.31
2294,18.49,41.1,1001.9,59.99
7562,24.97,58.95,1017.19,56.24
8167,8.62,39.66,1015.18,89.59
4386,5.53,40.64,1020.78,97.25
537,21.9,47.43,1006.8,60.48
7579,13.24,54.3,1017.05,81.99
3649,20.15,49.5,1013.47,66.7
8388,32.18,69.75,1009.94,52.91
5033,23.15,58.79,1011.11,82.49
5240,9.33,39.96,1024.55,98.58
2051,23.59,58.62,1017.81,66.68
2257,26.63,62.44,1010.86,70.82
354,26.74,49.02,1008.18,67.59
9515,9.55,40.67,1018.56,70.72
3079,25.23,66.44,1011.37,51.3
1289,4.96,39.4,1003.58,92.22
9132,19.58,52.9,1017.46,64.64
5600,19.02,52.72,1025.44,51.9
8517,15.75,39.16,1016.31,77.99
3496,11.84,39.28,1016.97,90.52
7491,10.7,36.18,1018.16,63.15
1437,13.9,45.08,1023.29,83.43
6202,20.14,65.06,1014.81,80.01
9566,23.0,66.05,1020.61,80.29
3851,10.58,41.49,1020.43,91.9
2687,5.41,45.87,1008.47,97.51
8592,12.76,43.7,1015.13,65.34
2165,31.07,64.96,1005.2,58.93
3583,25.52,63.94,1017.81,41.54
8880,6.9,44.71,1019.7,71.21
7018,21.73,61.45,1010.27,91.59
2134,28.15,72.24,1010.88,62.39
8264,10.07,39.66,1015.37,83.78
6680,20.71,49.69,1010.26,69.97
7492,31.6,73.17,1010.05,43.48
7118,7.38,41.22,1016.47,96.29
9427,23.82,44.89,1009.39,74.69
4888,22.85,60.08,1018.05,67.12
1822,24.3,69.94,1007.02,62.14
6516,23.55,73.18,1011.85,87.97
6899,10.01,43.7,1015.73,91.97
7331,25.17,68.08,1012.83,60.87
7128,29.08,67.07,1005.73,57.18
4678,19.16,43.43,1012.36,72.59
6086,23.56,51.86,1014.04,73.9
8537,18.71,39.39,1014.09,62.82
7547,26.57,48.06,1013.23,40.24
4779,13.51,43.41,1015.94,75.22
185,12.05,48.04,1009.14,100.13
8673,25.97,43.21,1011.9,88.73
8884,11.56,40.43,1025.48,74.75
5975,7.87,41.17,1020.33,77.77
4503,3.82,35.47,1016.62,84.34
6920,17.33,53.16,1013.16,82.93
186,6.67,39.37,1019.99,75.61
3461,25.82,61.08,1013.64,66.4
2253,9.44,41.79,1020.16,72.26
21,25.04,51.95,1005.56,66.53
1495,30.44,68.84,1010.97,55.34
7648,5.76,40.07,1013.22,62.99
813,3.21,38.44,1017.11,84.86
1939,10.3,41.46,1018.21,86.17
6072,23.32,69.13,1010.75,91.84
9278,5.25,40.07,1019.48,67.7
4435,22.05,59.92,1009.06,93.74
1079,19.27,65.12,1015.63,73.48
5063,24.39,60.84,1018.5,61.73
767,7.6,41.04,1021.82,88.97
5830,28.43,69.59,1008.79,73.33
5921,28.4,69.34,1009.76,70.4
7159,21.35,59.04,1012.28,95.71
8210,23.55,62.96,1020.16,70.16
2856,16.38,47.45,1010.08,88.86
5817,20.72,63.94,1017.17,59.83
4966,9.42,39.64,1010.86,74.03
643,14.37,40.56,1021.67,68.18
8113,9.6,41.82,1032.93,72.63
1494,15.99,43.5,1021.34,73.22
1515,10.02,52.75,1021.93,73.68
6685,6.05,38.68,1017.46,66.13
7138,14.96,43.02,1012.77,42.93
8066,25.67,68.3,1017.16,74.19
1197,28.47,67.69,1004.79,56.51
6980,27.88,68.94,1007.68,75.68
6856,11.48,41.14,1027.67,90.5
6941,24.44,72.99,1008.38,91.66
8198,24.27,61.47,1007.84,80.85
1154,34.3,74.67,1015.98,25.89
1903,30.97,67.9,1005.98,55.6
5086,6.57,43.65,1018.24,74.47
8068,18.26,61.27,1019.1,74.74
8790,28.18,71.14,1011.56,48.03
36,8.95,43.13,1017.56,94.85
3407,11.87,41.58,1017.29,90.3
4150,16.16,25.88,1009.58,72.24
8127,17.39,42.44,1013.72,73.79
102,7.19,39.37,1019.67,70.77
6071,13.83,40.78,1024.85,73.08
4428,28.68,70.32,1008.51,45.73
5343,12.27,41.17,1019.39,52.18
6011,32.89,73.68,1014.45,52.34
4079,22.03,64.79,1017.95,76.2
4569,12.21,44.34,1017.98,86.17
7766,17.34,45.01,1013.22,77.71
1536,24.23,58.79,1009.8,75.75
7272,13.21,40.56,1018.12,64.49
2336,25.57,65.46,1014.81,38.58
3132,11.67,40.23,1017.65,82.48
9500,15.56,41.04,1025.8,64.81
4036,29.64,69.51,1012.13,44.65
2702,23.89,70.04,1011.16,84.9
4841,29.28,65.71,1013.76,48.05
5671,13.53,38.73,1004.86,85.38
7496,23.38,52.84,1005.27,82.98
6184,20.88,56.85,1010.91,84.28
958,24.2,50.78,1008.74,59.32
1735,9.45,41.4,1027.06,87.35
6260,27.77,63.87,1017.97,38.77
1732,9.97,39.99,1010.09,95.0
4634,25.35,65.18,1012.67,70.36
8738,7.64,39.85,1012.78,88.09
6935,27.27,72.24,1010.69,78.09
6836,23.85,52.3,1005.9,70.95
8666,21.28,44.05,1005.69,83.2
4232,24.61,69.68,1012.06,92.47
4028,12.59,44.34,1017.01,85.57
8688,30.85,68.94,1007.31,68.99
1169,25.44,66.54,1011.9,56.76
2038,18.6,60.1,1009.91,87.13
5477,34.63,74.33,1011.7,31.45
1307,12.24,41.2,1012.48,89.85
4165,12.67,42.86,1014.06,89.9
5642,13.93,44.21,1022.26,82.4
5980,16.77,45.01,1013.47,81.42
3746,14.55,42.74,1028.41,70.09
6146,18.91,45.01,1012.9,59.81
751,25.74,59.07,1007.37,79.89
5539,27.06,64.45,1008.72,54.21
6795,11.19,40.64,1020.57,84.49
6399,13.46,41.4,1019.46,71.73
573,14.86,44.71,1018.3,49.46
412,19.7,51.3,1014.88,88.1
3165,7.76,37.7,1014.82,76.47
6733,23.76,74.22,1009.2,92.98
1227,25.71,52.84,1006.32,53.29
1462,15.74,43.71,1024.7,78.38
2116,29.61,67.07,1005.91,39.28
5932,11.23,41.17,1019.36,56.85
8180,20.09,63.94,1020.82,74.16
1202,14.28,44.84,1024.84,79.09
9414,17.14,44.2,1018.91,62.18
5761,25.9,59.54,1007.3,78.38
4287,17.1,43.52,1020.3,70.51
5084,26.45,75.6,1017.42,74.5
5949,9.36,44.03,1010.3,87.2
5112,22.53,74.87,1009.91,93.21
4984,28.8,71.58,1010.51,59.87
1773,16.49,49.39,1018.1,93.13
7488,5.49,40.81,1014.43,90.41
6950,14.28,43.02,1012.97,49.44
4649,6.52,35.57,1025.37,78.32
7705,20.3,56.53,1020.27,76.49
4477,27.51,71.32,1007.59,80.02
3948,6.92,43.13,1018.26,89.23
3458,19.34,64.79,1018.03,84.77
6808,28.45,69.23,1013.07,39.46
5213,27.29,62.66,1007.63,58.02
8281,19.82,63.9,1013.19,78.96
447,20.25,44.78,1007.93,40.16
5422,10.13,39.18,1024.09,85.48
2443,7.33,40.0,1018.96,80.76
448,14.18,39.3,1020.1,67.48
9552,19.05,53.16,1013.22,82.8
8029,26.1,66.25,1009.25,84.52
5333,19.27,50.12,1007.61,100.11
7215,13.13,50.59,1020.26,87.44
6464,24.43,67.25,1017.99,74.27
6531,19.09,44.63,1019.91,39.32
325,24.17,71.58,1010.16,89.96
1851,8.88,36.66,1026.61,76.16
2296,13.87,42.99,1007.45,81.52
5344,13.88,48.79,1017.28,79.4
1386,11.54,40.05,1014.78,87.05
6318,22.98,69.84,1005.55,84.1
5018,31.07,70.98,1007.24,72.03
1132,25.37,58.33,1013.49,51.42
9406,10.33,40.6,1015.0,88.62
1499,19.53,66.54,1013.72,81.46
1961,14.66,41.76,1022.12,78.13
7817,5.53,35.79,1011.19,94.01
1302,11.57,44.63,1020.7,91.11
3258,27.19,71.32,1008.97,88.43
8547,9.63,43.02,1012.4,68.41
5156,23.3,52.84,1003.97,72.16
7301,25.18,61.08,1013.08,80.75
291,23.82,63.76,1009.8,68.94
496,26.9,69.59,1008.9,85.08
4236,9.45,36.71,1024.24,83.28
1124,2.34,39.42,1028.47,69.68
3949,26.2,71.73,1009.99,74.99
8451,11.72,41.54,1020.04,66.84
2210,22.32,70.47,1010.97,83.16
7694,8.51,42.32,1015.08,84.89
3737,22.92,58.62,1016.37,71.38
6073,25.28,67.69,1009.05,68.54
3376,20.08,58.79,1017.32,81.59
9377,11.08,38.16,1014.45,74.99
3998,25.68,58.41,1013.71,70.61
2133,25.93,69.34,1008.91,79.43
4696,20.55,68.63,1012.5,67.07
4894,8.05,38.38,1021.14,86.39
669,26.6,61.41,1012.35,54.42
513,30.36,68.08,1010.76,51.32
